{
  "name": "AwesomeButton",
  "framework": "React",
  "title": "Awesome Button",
  "description": "React button component rendering 3D, progress, social and share enabled buttons. React Awesome Button is a 60fps, light weight, performant, production ready set of react UI button components.",
  "icon": "react-js",
  "size": "~6KB compressed",
  "repository": "https://github.com/rcaferati/react-awesome-button",
  "article": "//caferati.me/labs/awesome-button",
  "domain": "",
  "themes": [
    {
      "name": "Blue",
      "slug": "blue-theme"
    },
    {
      "name": "Red",
      "slug": "red-theme"
    },
    {
      "name": "Indigo",
      "slug": "indigo-theme"
    },
    {
      "name": "Cartman",
      "slug": "cartman-theme"
    },
    {
      "name": "Rick",
      "slug": "rick-theme"
    },
    {
      "name": "Morty",
      "slug": "morty-theme"
    },
    {
      "name": "Bojack",
      "slug": "bojack-theme"
    }
  ]
}
